antibody_id,mutation,ic50_ug_ml,fold_change
Casirivimab,142D,0.0092,0.7846481876332623
Casirivimab,144S,0.0586,4.997867803837953
Casirivimab,145N,0.0586,4.997867803837953
Casirivimab,152R,0.0295,2.5159914712153517
Casirivimab,158G,0.0092,0.7846481876332623
Casirivimab,19R,0.0092,0.7846481876332623
Casirivimab,25L,0.0295,2.5159914712153517
Casirivimab,346K,0.0586,4.997867803837953
Casirivimab,417N,0.0092,0.7846481876332623
Casirivimab,452R,0.0092,0.7846481876332623
Casirivimab,478K,0.01035,0.8827292110874201
Casirivimab,484K,0.0586,4.997867803837953
Casirivimab,501Y,0.0586,4.997867803837953
Casirivimab,614G,0.0115,0.9808102345415779
Casirivimab,681H,0.0586,4.997867803837953
Casirivimab,681R,0.0092,0.7846481876332623
Casirivimab,859N,0.0716,6.106609808102346
Casirivimab,879T,0.0295,2.5159914712153517
Casirivimab,950N,0.01035,0.8827292110874201
Casirivimab,95I,0.0586,4.997867803837953
Imdevimab,142D,0.013699999999999999,0.8824476650563606
Imdevimab,144S,0.0101,0.6505636070853462
Imdevimab,145N,0.0101,0.6505636070853462
Imdevimab,152R,0.0073,0.4702093397745572
Imdevimab,158G,0.013699999999999999,0.8824476650563606
Imdevimab,19R,0.013699999999999999,0.8824476650563606
Imdevimab,25L,0.0073,0.4702093397745572
Imdevimab,346K,0.0101,0.6505636070853462
Imdevimab,417N,0.013699999999999999,0.8824476650563606
Imdevimab,452R,0.013699999999999999,0.8824476650563606
Imdevimab,478K,0.010499999999999999,0.6763285024154589
Imdevimab,484K,0.0101,0.6505636070853462
Imdevimab,501Y,0.0101,0.6505636070853462
Imdevimab,614G,0.011800000000000001,0.7600644122383254
Imdevimab,681H,0.0101,0.6505636070853462
Imdevimab,681R,0.013699999999999999,0.8824476650563606
Imdevimab,859N,0.0086,0.5539452495974235
Imdevimab,879T,0.0073,0.4702093397745572
Imdevimab,950N,0.011899999999999999,0.7665056360708534
Imdevimab,95I,0.0101,0.6505636070853462
